{
  "base_metrics": {
    "anger": [
      0.8204994469029815,
      0.8109400891788783,
      0.8333447621450009,
      0.8141462441762534,
      0.7906139318914543,
      0.8080536327071476,
      0.8284957254275944,
      0.8362252309262227,
      0.7993375230781575,
      0.80695384513376
    ],
    "contempt": [
      0.6520513995164903,
      0.6803546969854837,
      0.6480628173931073,
      0.6296177806318222,
      0.6401603438260365,
      0.620889682124514,
      0.6462233723606745,
      0.636461781535087,
      0.6352314836100504,
      0.6265073162075958
    ],
    "disgust": [
      0.7182333205149468,
      0.7402856638470322,
      0.7028675848032603,
      0.725526555476,
      0.6928917107745667,
      0.7526721379941906,
      0.7202255541998676,
      0.7305678832113923,
      0.726800952023747,
      0.6805096699619096
    ],
    "fear": [
      0.7602256021094644,
      0.7882199950165131,
      0.7643284858439382,
      0.7630509087627092,
      0.7716990920280274,
      0.7641080386302364,
      0.8127345926741266,
      0.786534496275176,
      0.7839399577104784,
      0.7753645042628803
    ],
    "happiness": [
      0.8886055277396537,
      0.8873876328001693,
      0.90510735895815,
      0.8860761205176436,
      0.895011492893497,
      0.9561058504624128,
      0.8733931557379961,
      0.8866746113128733,
      0.9136975287368597,
      0.8739849004417477
    ],
    "neutral": [
      0.8691371677017783,
      0.8970029921985915,
      0.8871785628614337,
      0.8711735706821393,
      0.8988467290381451,
      0.875476442633652,
      0.9203175200670887,
      0.9155593885534861,
      0.8584496258019172,
      0.8785422616641451
    ],
    "sadness": [
      0.8426872859354697,
      0.8399886185686078,
      0.8271480186910363,
      0.8285510045479679,
      0.83924577210788,
      0.8564897681073139,
      0.8338407028255861,
      0.8412134428993298,
      0.828171225005664,
      0.8001327371622526
    ],
    "surprise": [
      0.8432832361605002,
      0.7890245067138327,
      0.8246039293080157,
      0.7855801307017423,
      0.7881919833435533,
      0.8277187972619096,
      0.7893718220683684,
      0.7802815492299603,
      0.781989991143664,
      0.811422078324815
    ]
  },
  "finetuned_metrics": {
    "anger": [
      0.8694354438289917,
      0.8345393909751341,
      0.8507282511418293,
      0.8414742250529186,
      0.8283219585112722,
      0.8381517844914103,
      0.8464232885712764,
      0.8571469912124787,
      0.8239483038621936,
      0.8437629944068903
    ],
    "contempt": [
      0.7258356603574809,
      0.7520079385613894,
      0.7196437116243416,
      0.7233094803982745,
      0.7578031665189872,
      0.7256565470371776,
      0.7205446910767317,
      0.6959667625040351,
      0.715046160737577,
      0.7475860954448722
    ],
    "disgust": [
      0.7695173081147579,
      0.782571803922719,
      0.7855733860610323,
      0.7542828473646852,
      0.7800604832925151,
      0.7928172447747943,
      0.7926508799418261,
      0.7999842601132757,
      0.7774781373192089,
      0.7780222151776235
    ],
    "fear": [
      0.782674595010735,
      0.8241319667262552,
      0.8003726567409553,
      0.8420336994883127,
      0.8012329632313008,
      0.7925704859130225,
      0.81392112761039,
      0.7963856585184055,
      0.8272190440673622,
      0.8177601884896745
    ],
    "happiness": [
      0.8952773782247077,
      0.8859663294923154,
      0.8769296661456231,
      0.8617417419361004,
      0.8927010983207304,
      0.9245841774638094,
      0.8465876944598685,
      0.8516986848596942,
      0.8893238939605681,
      0.8769026352867548
    ],
    "neutral": [
      0.9104146763108053,
      0.9129595688679731,
      0.9086431035351111,
      0.9286010850796647,
      0.9285464490894306,
      0.9216924774651449,
      0.94818164604534,
      0.9489105049710366,
      0.898160595043391,
      0.9706508416283518
    ],
    "sadness": [
      0.8647518206216993,
      0.8455544045492793,
      0.8501823811767124,
      0.8730441170091714,
      0.8259830177007559,
      0.8466426318126545,
      0.864824093376733,
      0.85661435557383,
      0.8450238095235647,
      0.8850682639895328
    ],
    "surprise": [
      0.8176078581846405,
      0.8402803634464386,
      0.8349936040509552,
      0.8199968635554998,
      0.8474301226702747,
      0.8408933236421693,
      0.7780304829820723,
      0.8192445356204413,
      0.8027927498110377,
      0.8340146121127383
    ]
  },
  "n_folds": 10,
  "effect_pattern": "mixed"
}