{
  "run_id": "var1_run_0103",
  "run_type": "train",
  "model_variant": "variant_1",
  "status": "completed_gate_failed",
  "best_metric": 0.5125046659201195,
  "timestamp": "2026-04-10T22:26:45.626320+00:00",
  "artifacts_root": "/media/rusty_admin/project_data/reachy_emotion/results/train/var1_run_0103",
  "gate_a_metrics": {
    "f1_macro": 0.4677184188952192,
    "balanced_accuracy": 0.5013333333333333,
    "ece": 0.20931119791666666,
    "brier": 0.6681329861475158,
    "accuracy": 0.0,
    "precision_macro": 0.0,
    "recall_macro": 0.0,
    "confusion_matrix": [
      [
        0,
        0,
        0
      ],
      [
        0,
        0,
        0
      ],
      [
        0,
        0,
        0
      ]
    ],
    "mce": 0.0,
    "f1_class_0": 0.6330749354005168,
    "f1_happy": 0.6330749354005168,
    "f1_class_1": 0.5200803212851406,
    "f1_sad": 0.5200803212851406,
    "f1_class_2": 0.25,
    "f1_neutral": 0.25
  },
  "gate_a_gates": {
    "macro_f1": false,
    "balanced_accuracy": false,
    "per_class_f1": false,
    "ece": false,
    "brier": false
  }
}