{
  "run_id": "var1_run_0107",
  "run_type": "train",
  "model_variant": "variant_1",
  "status": "completed_gate_passed",
  "best_metric": 0.9889114308341483,
  "timestamp": "2026-04-20T16:32:45.158530+00:00",
  "artifacts_root": "/media/rusty_admin/project_data/reachy_emotion/results/train/var1_run_0107",
  "gate_a_metrics": {
    "f1_macro": 0.9889114308341483,
    "balanced_accuracy": 0.9899736843962254,
    "ece": 0.11849548932418082,
    "brier": 0.048343800406129823,
    "accuracy": 0.9891123439667129,
    "precision_macro": 0.9880164530716806,
    "recall_macro": 0.9899736843962254,
    "confusion_matrix": [
      [
        8808,
        28,
        72
      ],
      [
        22,
        11545,
        175
      ],
      [
        9,
        8,
        8173
      ]
    ],
    "mce": 0.2911184210526315,
    "f1_class_0": 0.9926184707274469,
    "f1_happy": 0.9926184707274469,
    "f1_class_1": 0.9900098615100973,
    "f1_sad": 0.9900098615100973,
    "f1_class_2": 0.9841059602649007,
    "f1_neutral": 0.9841059602649007
  },
  "gate_a_gates": {
    "macro_f1": true,
    "balanced_accuracy": true,
    "per_class_f1": true,
    "ece": true,
    "brier": true
  }
}