{
  "run_id": "var1_run_0107",
  "run_type": "train",
  "model_variant": "variant_1",
  "status": "completed_gate_failed",
  "best_metric": 0.9902971382421725,
  "timestamp": "2026-04-12T20:41:12.460740+00:00",
  "artifacts_root": "/media/rusty_admin/project_data/reachy_emotion/results/train/var1_run_0107",
  "gate_a_metrics": {
    "f1_macro": 0.9902971382421725,
    "balanced_accuracy": 0.9910956035285953,
    "ece": 0.12419400578894332,
    "brier": 0.04958030634412677,
    "accuracy": 0.9904646324549237,
    "precision_macro": 0.9895969691886997,
    "recall_macro": 0.9910956035285953,
    "confusion_matrix": [
      [
        8811,
        31,
        66
      ],
      [
        32,
        11582,
        128
      ],
      [
        7,
        11,
        8172
      ]
    ],
    "mce": 0.3105229878597122,
    "f1_class_0": 0.9923414798963848,
    "f1_happy": 0.9923414798963848,
    "f1_class_1": 0.9913549601985792,
    "f1_sad": 0.9913549601985792,
    "f1_class_2": 0.9871949746315535,
    "f1_neutral": 0.9871949746315535
  },
  "gate_a_gates": {
    "macro_f1": true,
    "balanced_accuracy": true,
    "per_class_f1": true,
    "ece": false,
    "brier": true
  }
}