{
  "run_id": "var2_sweep_s1_t071",
  "run_type": "train",
  "model_variant": "variant_2",
  "status": "completed_gate_failed",
  "best_metric": 0.9969995146658502,
  "timestamp": "2026-04-13T15:23:58.148979+00:00",
  "artifacts_root": "/media/rusty_admin/project_data/reachy_emotion/results/train/var2_sweep_s1_t071",
  "gate_a_metrics": {
    "f1_macro": 0.9969995146658502,
    "balanced_accuracy": 0.9971880067652007,
    "ece": 0.12095979433945907,
    "brier": 0.029784673755154034,
    "accuracy": 0.9970527045769764,
    "precision_macro": 0.9968172877068896,
    "recall_macro": 0.9971880067652007,
    "confusion_matrix": [
      [
        8872,
        12,
        24
      ],
      [
        17,
        11699,
        26
      ],
      [
        1,
        5,
        8184
      ]
    ],
    "mce": 0.63037109375,
    "f1_class_0": 0.9969659512304754,
    "f1_happy": 0.9969659512304754,
    "f1_class_1": 0.9974422371898712,
    "f1_sad": 0.9974422371898712,
    "f1_class_2": 0.9965903555772041,
    "f1_neutral": 0.9965903555772041
  },
  "gate_a_gates": {
    "macro_f1": true,
    "balanced_accuracy": true,
    "per_class_f1": true,
    "ece": false,
    "brier": true
  }
}