{
  "run_id": "var2_sweep_s1_t093",
  "run_type": "train",
  "model_variant": "variant_2",
  "status": "completed_gate_failed",
  "best_metric": 0.9887157873411706,
  "timestamp": "2026-04-13T20:43:03.596557+00:00",
  "artifacts_root": "/media/rusty_admin/project_data/reachy_emotion/results/train/var2_sweep_s1_t093",
  "gate_a_metrics": {
    "f1_macro": 0.9808332323738367,
    "balanced_accuracy": 0.9830550973566421,
    "ece": 0.19801230252037103,
    "brier": 0.10313330293299515,
    "accuracy": 0.9810679611650486,
    "precision_macro": 0.9792790609922881,
    "recall_macro": 0.9830550973566421,
    "confusion_matrix": [
      [
        8763,
        25,
        120
      ],
      [
        37,
        11352,
        353
      ],
      [
        5,
        6,
        8179
      ]
    ],
    "mce": 0.3479712519835545,
    "f1_class_0": 0.9894427821374132,
    "f1_happy": 0.9894427821374132,
    "f1_class_1": 0.9817945945945946,
    "f1_sad": 0.9817945945945946,
    "f1_class_2": 0.9712623203895024,
    "f1_neutral": 0.9712623203895024
  },
  "gate_a_gates": {
    "macro_f1": true,
    "balanced_accuracy": true,
    "per_class_f1": true,
    "ece": false,
    "brier": true
  }
}