{
  "run_id": "var2_sweep_s1_t069",
  "run_type": "train",
  "model_variant": "variant_2",
  "status": "completed_gate_passed",
  "best_metric": 0.9948857951109839,
  "timestamp": "2026-04-13T14:54:54.808962+00:00",
  "artifacts_root": "/media/rusty_admin/project_data/reachy_emotion/results/train/var2_sweep_s1_t069",
  "gate_a_metrics": {
    "f1_macro": 0.9948857951109839,
    "balanced_accuracy": 0.9952904851453669,
    "ece": 0.11413138253348212,
    "brier": 0.03354916270036697,
    "accuracy": 0.9949375866851595,
    "precision_macro": 0.9945039167971617,
    "recall_macro": 0.9952904851453669,
    "confusion_matrix": [
      [
        8855,
        20,
        33
      ],
      [
        28,
        11656,
        58
      ],
      [
        1,
        6,
        8183
      ]
    ],
    "mce": 0.3373801491477273,
    "f1_class_0": 0.9953911870503597,
    "f1_happy": 0.9953911870503597,
    "f1_class_1": 0.9952185792349727,
    "f1_sad": 0.9952185792349727,
    "f1_class_2": 0.9940476190476191,
    "f1_neutral": 0.9940476190476191
  },
  "gate_a_gates": {
    "macro_f1": true,
    "balanced_accuracy": true,
    "per_class_f1": true,
    "ece": false,
    "brier": true
  }
}