{
  "run_id": "var2_sweep_s1_t041",
  "run_type": "train",
  "model_variant": "variant_2",
  "status": "completed_gate_failed",
  "best_metric": 0.9947450581685034,
  "timestamp": "2026-04-13T08:09:33.111435+00:00",
  "artifacts_root": "/media/rusty_admin/project_data/reachy_emotion/results/train/var2_sweep_s1_t041",
  "gate_a_metrics": {
    "f1_macro": 0.9947450581685034,
    "balanced_accuracy": 0.9951679012301663,
    "ece": 0.1489903041294643,
    "brier": 0.04809221060270586,
    "accuracy": 0.9947988904299584,
    "precision_macro": 0.9943467176510569,
    "recall_macro": 0.9951679012301663,
    "confusion_matrix": [
      [
        8854,
        20,
        34
      ],
      [
        29,
        11653,
        60
      ],
      [
        1,
        6,
        8183
      ]
    ],
    "mce": 0.3180109855241493,
    "f1_class_0": 0.9952787769784173,
    "f1_happy": 0.9952787769784173,
    "f1_class_1": 0.9950898766064643,
    "f1_sad": 0.9950898766064643,
    "f1_class_2": 0.9938665209206291,
    "f1_neutral": 0.9938665209206291
  },
  "gate_a_gates": {
    "macro_f1": true,
    "balanced_accuracy": true,
    "per_class_f1": true,
    "ece": false,
    "brier": true
  }
}