{
  "run_id": "var2_sweep_s1_t042",
  "run_type": "train",
  "model_variant": "variant_2",
  "status": "completed_gate_failed",
  "best_metric": 0.9946627373203731,
  "timestamp": "2026-04-13T08:24:01.758981+00:00",
  "artifacts_root": "/media/rusty_admin/project_data/reachy_emotion/results/train/var2_sweep_s1_t042",
  "gate_a_metrics": {
    "f1_macro": 0.9946627373203731,
    "balanced_accuracy": 0.9951020935597849,
    "ece": 0.159879822539225,
    "brier": 0.05331533022150317,
    "accuracy": 0.9947295423023579,
    "precision_macro": 0.9942491075061746,
    "recall_macro": 0.9951020935597849,
    "confusion_matrix": [
      [
        8853,
        18,
        37
      ],
      [
        31,
        11652,
        59
      ],
      [
        1,
        6,
        8183
      ]
    ],
    "mce": 0.32006612864847717,
    "f1_class_0": 0.9951104366885855,
    "f1_happy": 0.9951104366885855,
    "f1_class_1": 0.9951319497822189,
    "f1_sad": 0.9951319497822189,
    "f1_class_2": 0.9937458254903151,
    "f1_neutral": 0.9937458254903151
  },
  "gate_a_gates": {
    "macro_f1": true,
    "balanced_accuracy": true,
    "per_class_f1": true,
    "ece": false,
    "brier": true
  }
}