{
  "run_id": "var2_sweep_s1_t070",
  "run_type": "train",
  "model_variant": "variant_2",
  "status": "completed_gate_failed",
  "best_metric": 0.9948751745748599,
  "timestamp": "2026-04-13T15:09:26.663379+00:00",
  "artifacts_root": "/media/rusty_admin/project_data/reachy_emotion/results/train/var2_sweep_s1_t070",
  "gate_a_metrics": {
    "f1_macro": 0.9948751745748599,
    "balanced_accuracy": 0.9952633908686801,
    "ece": 0.12433836536169379,
    "brier": 0.037121804800904955,
    "accuracy": 0.9949375866851595,
    "precision_macro": 0.9945086418321107,
    "recall_macro": 0.9952633908686801,
    "confusion_matrix": [
      [
        8852,
        20,
        36
      ],
      [
        30,
        11659,
        53
      ],
      [
        1,
        6,
        8183
      ]
    ],
    "mce": 0.3006083697646805,
    "f1_class_0": 0.9951098870215277,
    "f1_happy": 0.9951098870215277,
    "f1_class_1": 0.9953472489008409,
    "f1_sad": 0.9953472489008409,
    "f1_class_2": 0.9941683878022112,
    "f1_neutral": 0.9941683878022112
  },
  "gate_a_gates": {
    "macro_f1": true,
    "balanced_accuracy": true,
    "per_class_f1": true,
    "ece": false,
    "brier": true
  }
}