{
  "run_id": "var2_sweep_s1_t003",
  "run_type": "train",
  "model_variant": "variant_2",
  "status": "completed_gate_passed",
  "best_metric": 0.9980471327699605,
  "timestamp": "2026-04-12T22:58:40.991159+00:00",
  "artifacts_root": "/media/rusty_admin/project_data/reachy_emotion/results/train/var2_sweep_s1_t003",
  "gate_a_metrics": {
    "f1_macro": 0.9980471327699605,
    "balanced_accuracy": 0.9980815270725714,
    "ece": 0.08300337665785365,
    "brier": 0.016549926008615955,
    "accuracy": 0.9980929264909847,
    "precision_macro": 0.9980147555039526,
    "recall_macro": 0.9980815270725714,
    "confusion_matrix": [
      [
        8878,
        12,
        18
      ],
      [
        8,
        11724,
        10
      ],
      [
        1,
        6,
        8183
      ]
    ],
    "mce": 0.367431640625,
    "f1_class_0": 0.9978083731385221,
    "f1_happy": 0.9978083731385221,
    "f1_class_1": 0.9984670413898825,
    "f1_sad": 0.9984670413898825,
    "f1_class_2": 0.9978659837814767,
    "f1_neutral": 0.9978659837814767
  },
  "gate_a_gates": {
    "macro_f1": true,
    "balanced_accuracy": true,
    "per_class_f1": true,
    "ece": false,
    "brier": true
  }
}