{
  "run_id": "var2_sweep_s1_t029",
  "run_type": "train",
  "model_variant": "variant_2",
  "status": "completed_gate_failed",
  "best_metric": 0.989209314907261,
  "timestamp": "2026-04-13T05:15:43.456441+00:00",
  "artifacts_root": "/media/rusty_admin/project_data/reachy_emotion/results/train/var2_sweep_s1_t029",
  "gate_a_metrics": {
    "f1_macro": 0.9854095891461915,
    "balanced_accuracy": 0.9870604765701844,
    "ece": 0.18869318227992804,
    "brier": 0.09014664182850399,
    "accuracy": 0.9856102635228848,
    "precision_macro": 0.9841140075191791,
    "recall_macro": 0.9870604765701844,
    "confusion_matrix": [
      [
        8792,
        22,
        94
      ],
      [
        41,
        11452,
        249
      ],
      [
        3,
        6,
        8181
      ]
    ],
    "mce": 0.3513014864686178,
    "f1_class_0": 0.9909828674481514,
    "f1_happy": 0.9909828674481514,
    "f1_class_1": 0.9863060890534837,
    "f1_sad": 0.9863060890534837,
    "f1_class_2": 0.978939810936939,
    "f1_neutral": 0.978939810936939
  },
  "gate_a_gates": {
    "macro_f1": true,
    "balanced_accuracy": true,
    "per_class_f1": true,
    "ece": false,
    "brier": true
  }
}