{
  "run_id": "var2_sweep_s1_t023",
  "run_type": "train",
  "model_variant": "variant_2",
  "status": "completed_gate_passed",
  "best_metric": 0.9897901432380593,
  "timestamp": "2026-04-13T03:48:52.084892+00:00",
  "artifacts_root": "/media/rusty_admin/project_data/reachy_emotion/results/train/var2_sweep_s1_t023",
  "gate_a_metrics": {
    "f1_macro": 0.9877383291517012,
    "balanced_accuracy": 0.9889862945555853,
    "ece": 0.11794845856178482,
    "brier": 0.05141123797386647,
    "accuracy": 0.9879334257975034,
    "precision_macro": 0.9867138587038958,
    "recall_macro": 0.9889862945555853,
    "confusion_matrix": [
      [
        8796,
        28,
        84
      ],
      [
        34,
        11516,
        192
      ],
      [
        3,
        7,
        8180
      ]
    ],
    "mce": 0.30302526595744683,
    "f1_class_0": 0.9916013753452455,
    "f1_happy": 0.9916013753452455,
    "f1_class_1": 0.9887949169278324,
    "f1_sad": 0.9887949169278324,
    "f1_class_2": 0.9828186951820257,
    "f1_neutral": 0.9828186951820257
  },
  "gate_a_gates": {
    "macro_f1": true,
    "balanced_accuracy": true,
    "per_class_f1": true,
    "ece": false,
    "brier": true
  }
}