{
  "run_id": "var2_sweep_s1_t091",
  "run_type": "train",
  "model_variant": "variant_2",
  "status": "completed_gate_failed",
  "best_metric": 0.9887190904379475,
  "timestamp": "2026-04-13T20:14:03.962424+00:00",
  "artifacts_root": "/media/rusty_admin/project_data/reachy_emotion/results/train/var2_sweep_s1_t091",
  "gate_a_metrics": {
    "f1_macro": 0.9816170770624538,
    "balanced_accuracy": 0.9836957122537721,
    "ece": 0.15736505558685854,
    "brier": 0.08006809076102836,
    "accuracy": 0.9818654646324549,
    "precision_macro": 0.9801348900571848,
    "recall_macro": 0.9836957122537721,
    "confusion_matrix": [
      [
        8763,
        27,
        118
      ],
      [
        35,
        11376,
        331
      ],
      [
        6,
        6,
        8178
      ]
    ],
    "mce": 0.31495390624999997,
    "f1_class_0": 0.9894986449864499,
    "f1_happy": 0.9894986449864499,
    "f1_class_1": 0.9827653233121679,
    "f1_sad": 0.9827653233121679,
    "f1_class_2": 0.9725872628887435,
    "f1_neutral": 0.9725872628887435
  },
  "gate_a_gates": {
    "macro_f1": true,
    "balanced_accuracy": true,
    "per_class_f1": true,
    "ece": false,
    "brier": true
  }
}