{
  "run_id": "var2_sweep_s1_t014",
  "run_type": "train",
  "model_variant": "variant_2",
  "status": "completed_gate_failed",
  "best_metric": 0.9948035052493983,
  "timestamp": "2026-04-13T01:38:11.667535+00:00",
  "artifacts_root": "/media/rusty_admin/project_data/reachy_emotion/results/train/var2_sweep_s1_t014",
  "gate_a_metrics": {
    "f1_macro": 0.9948035052493983,
    "balanced_accuracy": 0.9952337089005477,
    "ece": 0.19718089533579664,
    "brier": 0.07358443065404244,
    "accuracy": 0.9948682385575589,
    "precision_macro": 0.9943974127105905,
    "recall_macro": 0.9952337089005477,
    "confusion_matrix": [
      [
        8855,
        17,
        36
      ],
      [
        31,
        11654,
        57
      ],
      [
        1,
        6,
        8183
      ]
    ],
    "mce": 0.3313180915990487,
    "f1_class_0": 0.9952233773531891,
    "f1_happy": 0.9952233773531891,
    "f1_class_1": 0.9952602587642513,
    "f1_sad": 0.9952602587642513,
    "f1_class_2": 0.9939268796307543,
    "f1_neutral": 0.9939268796307543
  },
  "gate_a_gates": {
    "macro_f1": true,
    "balanced_accuracy": true,
    "per_class_f1": true,
    "ece": false,
    "brier": true
  }
}