{
  "run_id": "var2_sweep_s1_t027",
  "run_type": "train",
  "model_variant": "variant_2",
  "status": "completed_gate_failed",
  "best_metric": 0.9890247068967944,
  "timestamp": "2026-04-13T04:46:45.118669+00:00",
  "artifacts_root": "/media/rusty_admin/project_data/reachy_emotion/results/train/var2_sweep_s1_t027",
  "gate_a_metrics": {
    "f1_macro": 0.986688957153593,
    "balanced_accuracy": 0.9881018056737769,
    "ece": 0.15170109467102977,
    "brier": 0.06859780387751868,
    "accuracy": 0.9868932038834951,
    "precision_macro": 0.9855547527518879,
    "recall_macro": 0.9881018056737769,
    "confusion_matrix": [
      [
        8791,
        27,
        90
      ],
      [
        36,
        11490,
        216
      ],
      [
        3,
        6,
        8181
      ]
    ],
    "mce": 0.32970322027439025,
    "f1_class_0": 0.9912053219077687,
    "f1_happy": 0.9912053219077687,
    "f1_class_1": 0.9877498388136686,
    "f1_sad": 0.9877498388136686,
    "f1_class_2": 0.9811117107393416,
    "f1_neutral": 0.9811117107393416
  },
  "gate_a_gates": {
    "macro_f1": true,
    "balanced_accuracy": true,
    "per_class_f1": true,
    "ece": false,
    "brier": true
  }
}