{
  "run_id": "var2_sweep_s1_t081",
  "run_type": "train",
  "model_variant": "variant_2",
  "status": "completed_gate_passed",
  "best_metric": 0.9888389663694507,
  "timestamp": "2026-04-13T17:48:54.724492+00:00",
  "artifacts_root": "/media/rusty_admin/project_data/reachy_emotion/results/train/var2_sweep_s1_t081",
  "gate_a_metrics": {
    "f1_macro": 0.9855965367631541,
    "balanced_accuracy": 0.9871339300635628,
    "ece": 0.09268354397375608,
    "brier": 0.04538053998953192,
    "accuracy": 0.9858183079056866,
    "precision_macro": 0.98438799582137,
    "recall_macro": 0.9871339300635628,
    "confusion_matrix": [
      [
        8784,
        28,
        96
      ],
      [
        36,
        11468,
        238
      ],
      [
        5,
        6,
        8179
      ]
    ],
    "mce": 0.2718776216442953,
    "f1_class_0": 0.9906953138216884,
    "f1_happy": 0.9906953138216884,
    "f1_class_1": 0.9867492686284632,
    "f1_sad": 0.9867492686284632,
    "f1_class_2": 0.9793450278393103,
    "f1_neutral": 0.9793450278393103
  },
  "gate_a_gates": {
    "macro_f1": true,
    "balanced_accuracy": true,
    "per_class_f1": true,
    "ece": false,
    "brier": true
  }
}