{
  "run_id": "var2_sweep_s1_t016",
  "run_type": "train",
  "model_variant": "variant_2",
  "status": "completed_gate_failed",
  "best_metric": 0.9974952311200304,
  "timestamp": "2026-04-13T02:07:19.797657+00:00",
  "artifacts_root": "/media/rusty_admin/project_data/reachy_emotion/results/train/var2_sweep_s1_t016",
  "gate_a_metrics": {
    "f1_macro": 0.9974952311200304,
    "balanced_accuracy": 0.997631891452469,
    "ece": 0.2009431159116028,
    "brier": 0.06831579374945619,
    "accuracy": 0.9975728155339806,
    "precision_macro": 0.9973631359608132,
    "recall_macro": 0.997631891452469,
    "confusion_matrix": [
      [
        8874,
        8,
        26
      ],
      [
        13,
        11712,
        17
      ],
      [
        1,
        5,
        8184
      ]
    ],
    "mce": 0.618408203125,
    "f1_class_0": 0.9973027646662171,
    "f1_happy": 0.9973027646662171,
    "f1_class_1": 0.9981676396642093,
    "f1_sad": 0.9981676396642093,
    "f1_class_2": 0.9970152890296644,
    "f1_neutral": 0.9970152890296644
  },
  "gate_a_gates": {
    "macro_f1": true,
    "balanced_accuracy": true,
    "per_class_f1": true,
    "ece": false,
    "brier": true
  }
}