{
  "run_id": "var2_sweep_s1_t048",
  "run_type": "train",
  "model_variant": "variant_2",
  "status": "completed_gate_failed",
  "best_metric": 0.9969078459441563,
  "timestamp": "2026-04-13T09:50:54.106740+00:00",
  "artifacts_root": "/media/rusty_admin/project_data/reachy_emotion/results/train/var2_sweep_s1_t048",
  "gate_a_metrics": {
    "f1_macro": 0.9969078459441563,
    "balanced_accuracy": 0.9970860733925702,
    "ece": 0.20146931345353672,
    "brier": 0.06941517646281255,
    "accuracy": 0.9969833564493759,
    "precision_macro": 0.9967365778062596,
    "recall_macro": 0.9970860733925702,
    "confusion_matrix": [
      [
        8867,
        12,
        29
      ],
      [
        17,
        11702,
        23
      ],
      [
        1,
        5,
        8184
      ]
    ],
    "mce": 0.4679827008928571,
    "f1_class_0": 0.9966840892485809,
    "f1_happy": 0.9966840892485809,
    "f1_class_1": 0.9975704360427944,
    "f1_sad": 0.9975704360427944,
    "f1_class_2": 0.9964690125410934,
    "f1_neutral": 0.9964690125410934
  },
  "gate_a_gates": {
    "macro_f1": true,
    "balanced_accuracy": true,
    "per_class_f1": true,
    "ece": false,
    "brier": true
  }
}