{
  "run_id": "var2_sweep_s1_t013",
  "run_type": "train",
  "model_variant": "variant_2",
  "status": "completed_gate_failed",
  "best_metric": 0.9948766992973771,
  "timestamp": "2026-04-13T01:23:41.835670+00:00",
  "artifacts_root": "/media/rusty_admin/project_data/reachy_emotion/results/train/var2_sweep_s1_t013",
  "gate_a_metrics": {
    "f1_macro": 0.9948766992973771,
    "balanced_accuracy": 0.9952633908686801,
    "ece": 0.18361660643854022,
    "brier": 0.06533458548486057,
    "accuracy": 0.9949375866851595,
    "precision_macro": 0.9945126939790606,
    "recall_macro": 0.9952633908686801,
    "confusion_matrix": [
      [
        8852,
        21,
        35
      ],
      [
        27,
        11659,
        56
      ],
      [
        1,
        6,
        8183
      ]
    ],
    "mce": 0.32895591709621996,
    "f1_class_0": 0.9952777153136946,
    "f1_happy": 0.9952777153136946,
    "f1_class_1": 0.9953047635308179,
    "f1_sad": 0.9953047635308179,
    "f1_class_2": 0.9940476190476191,
    "f1_neutral": 0.9940476190476191
  },
  "gate_a_gates": {
    "macro_f1": true,
    "balanced_accuracy": true,
    "per_class_f1": true,
    "ece": false,
    "brier": true
  }
}