{
  "run_id": "var2_sweep_s1_t047",
  "run_type": "train",
  "model_variant": "variant_2",
  "status": "completed_gate_failed",
  "best_metric": 0.9966504745842619,
  "timestamp": "2026-04-13T09:36:25.125155+00:00",
  "artifacts_root": "/media/rusty_admin/project_data/reachy_emotion/results/train/var2_sweep_s1_t047",
  "gate_a_metrics": {
    "f1_macro": 0.9966504745842619,
    "balanced_accuracy": 0.9968983746082708,
    "ece": 0.18890449428690623,
    "brier": 0.06237861085524066,
    "accuracy": 0.9967059639389736,
    "precision_macro": 0.9964116557750172,
    "recall_macro": 0.9968983746082708,
    "confusion_matrix": [
      [
        8870,
        12,
        26
      ],
      [
        20,
        11690,
        32
      ],
      [
        1,
        4,
        8185
      ]
    ],
    "mce": 0.625244140625,
    "f1_class_0": 0.996685207034103,
    "f1_happy": 0.996685207034103,
    "f1_class_1": 0.9970999658819516,
    "f1_sad": 0.9970999658819516,
    "f1_class_2": 0.9961662508367309,
    "f1_neutral": 0.9961662508367309
  },
  "gate_a_gates": {
    "macro_f1": true,
    "balanced_accuracy": true,
    "per_class_f1": true,
    "ece": false,
    "brier": true
  }
}