{
  "run_id": "var2_sweep_s1_t015",
  "run_type": "train",
  "model_variant": "variant_2",
  "status": "completed_gate_failed",
  "best_metric": 0.9973547921990199,
  "timestamp": "2026-04-13T01:52:44.320103+00:00",
  "artifacts_root": "/media/rusty_admin/project_data/reachy_emotion/results/train/var2_sweep_s1_t015",
  "gate_a_metrics": {
    "f1_macro": 0.9973547921990199,
    "balanced_accuracy": 0.9974989822659833,
    "ece": 0.18283715109223303,
    "brier": 0.058457396845523805,
    "accuracy": 0.9973994452149791,
    "precision_macro": 0.9972148414773928,
    "recall_macro": 0.9974989822659833,
    "confusion_matrix": [
      [
        8875,
        12,
        21
      ],
      [
        15,
        11706,
        21
      ],
      [
        1,
        5,
        8184
      ]
    ],
    "mce": 0.3131115097248577,
    "f1_class_0": 0.9972470363503567,
    "f1_happy": 0.9972470363503567,
    "f1_class_1": 0.9977413168548903,
    "f1_sad": 0.9977413168548903,
    "f1_class_2": 0.9970760233918129,
    "f1_neutral": 0.9970760233918129
  },
  "gate_a_gates": {
    "macro_f1": true,
    "balanced_accuracy": true,
    "per_class_f1": true,
    "ece": false,
    "brier": true
  }
}