{
  "run_id": "var2_sweep_s1_t049",
  "run_type": "train",
  "model_variant": "variant_2",
  "status": "completed_gate_passed",
  "best_metric": 0.9889618344931002,
  "timestamp": "2026-04-13T10:05:24.479596+00:00",
  "artifacts_root": "/media/rusty_admin/project_data/reachy_emotion/results/train/var2_sweep_s1_t049",
  "gate_a_metrics": {
    "f1_macro": 0.9865179414974526,
    "balanced_accuracy": 0.987965615994563,
    "ece": 0.09047347027782598,
    "brier": 0.04291760475636957,
    "accuracy": 0.9867198335644938,
    "precision_macro": 0.9853555176252561,
    "recall_macro": 0.987965615994563,
    "confusion_matrix": [
      [
        8793,
        26,
        89
      ],
      [
        37,
        11484,
        221
      ],
      [
        4,
        6,
        8180
      ]
    ],
    "mce": 0.2699835223082596,
    "f1_class_0": 0.9912073047007102,
    "f1_happy": 0.9912073047007102,
    "f1_class_1": 0.9875311720698254,
    "f1_sad": 0.9875311720698254,
    "f1_class_2": 0.9808153477218226,
    "f1_neutral": 0.9808153477218226
  },
  "gate_a_gates": {
    "macro_f1": true,
    "balanced_accuracy": true,
    "per_class_f1": true,
    "ece": false,
    "brier": true
  }
}