{
  "run_id": "var2_sweep_s1_t085",
  "run_type": "train",
  "model_variant": "variant_2",
  "status": "completed_gate_failed",
  "best_metric": 0.9887348196813912,
  "timestamp": "2026-04-13T18:46:55.927441+00:00",
  "artifacts_root": "/media/rusty_admin/project_data/reachy_emotion/results/train/var2_sweep_s1_t085",
  "gate_a_metrics": {
    "f1_macro": 0.9842995181249593,
    "balanced_accuracy": 0.9860203495554724,
    "ece": 0.12915588463559727,
    "brier": 0.06210379958358242,
    "accuracy": 0.9845353675450763,
    "precision_macro": 0.9829903203926341,
    "recall_macro": 0.9860203495554724,
    "confusion_matrix": [
      [
        8777,
        27,
        104
      ],
      [
        35,
        11438,
        269
      ],
      [
        5,
        6,
        8179
      ]
    ],
    "mce": 0.2922221390053924,
    "f1_class_0": 0.9903526093088858,
    "f1_happy": 0.9903526093088858,
    "f1_class_1": 0.9854822728643432,
    "f1_sad": 0.9854822728643432,
    "f1_class_2": 0.9770636722016486,
    "f1_neutral": 0.9770636722016486
  },
  "gate_a_gates": {
    "macro_f1": true,
    "balanced_accuracy": true,
    "per_class_f1": true,
    "ece": false,
    "brier": true
  }
}