{
  "run_id": "var2_sweep_s1_t035",
  "run_type": "train",
  "model_variant": "variant_2",
  "status": "completed_gate_passed",
  "best_metric": 0.9975585463946101,
  "timestamp": "2026-04-13T06:42:31.055518+00:00",
  "artifacts_root": "/media/rusty_admin/project_data/reachy_emotion/results/train/var2_sweep_s1_t035",
  "gate_a_metrics": {
    "f1_macro": 0.9975585463946101,
    "balanced_accuracy": 0.9976660305077126,
    "ece": 0.08424279666641386,
    "brier": 0.017562845558968143,
    "accuracy": 0.9976074895977809,
    "precision_macro": 0.9974540950717784,
    "recall_macro": 0.9976660305077126,
    "confusion_matrix": [
      [
        8876,
        11,
        21
      ],
      [
        14,
        11712,
        16
      ],
      [
        1,
        6,
        8183
      ]
    ],
    "mce": 0.610107421875,
    "f1_class_0": 0.9973594022136075,
    "f1_happy": 0.9973594022136075,
    "f1_class_1": 0.9979975288654084,
    "f1_sad": 0.9979975288654084,
    "f1_class_2": 0.9973187081048142,
    "f1_neutral": 0.9973187081048142
  },
  "gate_a_gates": {
    "macro_f1": true,
    "balanced_accuracy": true,
    "per_class_f1": true,
    "ece": false,
    "brier": true
  }
}