{
  "run_id": "var2_sweep_s2_t004",
  "run_type": "train",
  "model_variant": "variant_2",
  "status": "completed_gate_passed",
  "best_metric": 0.9996401528928373,
  "timestamp": "2026-04-14T00:06:49.885114+00:00",
  "artifacts_root": "/media/rusty_admin/project_data/reachy_emotion/results/train/var2_sweep_s2_t004",
  "gate_a_metrics": {
    "f1_macro": 0.9996340075709208,
    "balanced_accuracy": 0.999643867371406,
    "ece": 0.07554146902901786,
    "brier": 0.00968138261092304,
    "accuracy": 0.9996532593619972,
    "precision_macro": 0.9996243127433596,
    "recall_macro": 0.999643867371406,
    "confusion_matrix": [
      [
        8900,
        2,
        6
      ],
      [
        2,
        11740,
        0
      ],
      [
        0,
        0,
        8190
      ]
    ],
    "mce": 0.493896484375,
    "f1_class_0": 0.9994385176866929,
    "f1_happy": 0.9994385176866929,
    "f1_class_1": 0.9998296712655425,
    "f1_sad": 0.9998296712655425,
    "f1_class_2": 0.9996338337605273,
    "f1_neutral": 0.9996338337605273
  },
  "gate_a_gates": {
    "macro_f1": true,
    "balanced_accuracy": true,
    "per_class_f1": true,
    "ece": true,
    "brier": true
  }
}