{
  "run_id": "var2_sweep_s1_t077",
  "run_type": "train",
  "model_variant": "variant_2",
  "status": "completed_gate_failed",
  "best_metric": 0.9941508809857286,
  "timestamp": "2026-04-13T16:51:03.462857+00:00",
  "artifacts_root": "/media/rusty_admin/project_data/reachy_emotion/results/train/var2_sweep_s1_t077",
  "gate_a_metrics": {
    "f1_macro": 0.9941508809857286,
    "balanced_accuracy": 0.9946582088725165,
    "ece": 0.18356862484830097,
    "brier": 0.06719876397623713,
    "accuracy": 0.9942094313453537,
    "precision_macro": 0.993676798067105,
    "recall_macro": 0.9946582088725165,
    "confusion_matrix": [
      [
        8851,
        20,
        37
      ],
      [
        32,
        11639,
        71
      ],
      [
        1,
        6,
        8183
      ]
    ],
    "mce": 0.3265062480686032,
    "f1_class_0": 0.99494154676259,
    "f1_happy": 0.99494154676259,
    "f1_class_1": 0.9944888281283377,
    "f1_sad": 0.9944888281283377,
    "f1_class_2": 0.9930222680662582,
    "f1_neutral": 0.9930222680662582
  },
  "gate_a_gates": {
    "macro_f1": true,
    "balanced_accuracy": true,
    "per_class_f1": true,
    "ece": false,
    "brier": true
  }
}