{
  "run_id": "var2_sweep_s1_t073",
  "run_type": "train",
  "model_variant": "variant_2",
  "status": "completed_gate_failed",
  "best_metric": 0.9944635790355965,
  "timestamp": "2026-04-13T15:53:01.805957+00:00",
  "artifacts_root": "/media/rusty_admin/project_data/reachy_emotion/results/train/var2_sweep_s1_t073",
  "gate_a_metrics": {
    "f1_macro": 0.9944635790355965,
    "balanced_accuracy": 0.9949137019742027,
    "ece": 0.14909723840044212,
    "brier": 0.048756630602803344,
    "accuracy": 0.9945214979195561,
    "precision_macro": 0.9940414136062549,
    "recall_macro": 0.9949137019742027,
    "confusion_matrix": [
      [
        8851,
        21,
        36
      ],
      [
        30,
        11648,
        64
      ],
      [
        1,
        6,
        8183
      ]
    ],
    "mce": 0.3197803920274551,
    "f1_class_0": 0.9950534007869589,
    "f1_happy": 0.9950534007869589,
    "f1_class_1": 0.9948328137677755,
    "f1_sad": 0.9948328137677755,
    "f1_class_2": 0.9935045225520549,
    "f1_neutral": 0.9935045225520549
  },
  "gate_a_gates": {
    "macro_f1": true,
    "balanced_accuracy": true,
    "per_class_f1": true,
    "ece": false,
    "brier": true
  }
}