{
  "run_id": "var2_sweep_s1_t087",
  "run_type": "train",
  "model_variant": "variant_2",
  "status": "completed_gate_failed",
  "best_metric": 0.9885333239756587,
  "timestamp": "2026-04-13T19:16:00.030700+00:00",
  "artifacts_root": "/media/rusty_admin/project_data/reachy_emotion/results/train/var2_sweep_s1_t087",
  "gate_a_metrics": {
    "f1_macro": 0.9836171385515075,
    "balanced_accuracy": 0.9854493066145524,
    "ece": 0.12511037966745409,
    "brier": 0.06187135918229627,
    "accuracy": 0.9838418862690708,
    "precision_macro": 0.9822437599903026,
    "recall_macro": 0.9854493066145524,
    "confusion_matrix": [
      [
        8778,
        27,
        103
      ],
      [
        33,
        11418,
        291
      ],
      [
        6,
        6,
        8178
      ]
    ],
    "mce": 0.2921170691287879,
    "f1_class_0": 0.9904654442877292,
    "f1_happy": 0.9904654442877292,
    "f1_class_1": 0.9846074246539904,
    "f1_sad": 0.9846074246539904,
    "f1_class_2": 0.9757785467128027,
    "f1_neutral": 0.9757785467128027
  },
  "gate_a_gates": {
    "macro_f1": true,
    "balanced_accuracy": true,
    "per_class_f1": true,
    "ece": false,
    "brier": true
  }
}