{
  "run_id": "var2_sweep_s1_t089",
  "run_type": "train",
  "model_variant": "variant_2",
  "status": "completed_gate_failed",
  "best_metric": 0.9885325324090951,
  "timestamp": "2026-04-13T19:44:58.795844+00:00",
  "artifacts_root": "/media/rusty_admin/project_data/reachy_emotion/results/train/var2_sweep_s1_t089",
  "gate_a_metrics": {
    "f1_macro": 0.9825379850667094,
    "balanced_accuracy": 0.9845364296103344,
    "ece": 0.16407205737744884,
    "brier": 0.08142150580949477,
    "accuracy": 0.9827669902912621,
    "precision_macro": 0.9810803629122208,
    "recall_macro": 0.9845364296103344,
    "confusion_matrix": [
      [
        8773,
        25,
        110
      ],
      [
        35,
        11391,
        316
      ],
      [
        5,
        6,
        8179
      ]
    ],
    "mce": 0.32078053354266345,
    "f1_class_0": 0.9901247107951019,
    "f1_happy": 0.9901247107951019,
    "f1_class_1": 0.9835088931099982,
    "f1_sad": 0.9835088931099982,
    "f1_class_2": 0.9739803512950282,
    "f1_neutral": 0.9739803512950282
  },
  "gate_a_gates": {
    "macro_f1": true,
    "balanced_accuracy": true,
    "per_class_f1": true,
    "ece": false,
    "brier": true
  }
}