{
  "run_id": "var2_sweep_s1_t006",
  "run_type": "train",
  "model_variant": "variant_2",
  "status": "completed_gate_failed",
  "best_metric": 0.9954218471169481,
  "timestamp": "2026-04-12T23:42:03.084624+00:00",
  "artifacts_root": "/media/rusty_admin/project_data/reachy_emotion/results/train/var2_sweep_s1_t006",
  "gate_a_metrics": {
    "f1_macro": 0.9954218471169481,
    "balanced_accuracy": 0.9957685088878789,
    "ece": 0.12841148429373267,
    "brier": 0.03789008472725548,
    "accuracy": 0.9954923717059639,
    "precision_macro": 0.9950911431412593,
    "recall_macro": 0.9957685088878789,
    "confusion_matrix": [
      [
        8859,
        15,
        34
      ],
      [
        29,
        11669,
        44
      ],
      [
        2,
        6,
        8182
      ]
    ],
    "mce": 0.3066849367364747,
    "f1_class_0": 0.9955051129340375,
    "f1_happy": 0.9955051129340375,
    "f1_class_1": 0.9959883919426425,
    "f1_sad": 0.9959883919426425,
    "f1_class_2": 0.9947720364741641,
    "f1_neutral": 0.9947720364741641
  },
  "gate_a_gates": {
    "macro_f1": true,
    "balanced_accuracy": true,
    "per_class_f1": true,
    "ece": false,
    "brier": true
  }
}