{
  "run_id": "var2_sweep_s1_t010",
  "run_type": "train",
  "model_variant": "variant_2",
  "status": "completed_gate_failed",
  "best_metric": 0.9950475683987912,
  "timestamp": "2026-04-13T00:40:12.291753+00:00",
  "artifacts_root": "/media/rusty_admin/project_data/reachy_emotion/results/train/var2_sweep_s1_t010",
  "gate_a_metrics": {
    "f1_macro": 0.9950475683987912,
    "balanced_accuracy": 0.9954504886085394,
    "ece": 0.16290923183404124,
    "brier": 0.05415158410755194,
    "accuracy": 0.9951109570041609,
    "precision_macro": 0.9946655643244098,
    "recall_macro": 0.9954504886085394,
    "confusion_matrix": [
      [
        8857,
        16,
        35
      ],
      [
        31,
        11659,
        52
      ],
      [
        1,
        6,
        8183
      ]
    ],
    "mce": 0.326575916034345,
    "f1_class_0": 0.9953362926335899,
    "f1_happy": 0.9953362926335899,
    "f1_class_1": 0.9955172266575588,
    "f1_sad": 0.9955172266575588,
    "f1_class_2": 0.9942891859052247,
    "f1_neutral": 0.9942891859052247
  },
  "gate_a_gates": {
    "macro_f1": true,
    "balanced_accuracy": true,
    "per_class_f1": true,
    "ece": false,
    "brier": true
  }
}