{
  "run_id": "var2_sweep_s1_t084",
  "run_type": "train",
  "model_variant": "variant_2",
  "status": "completed_gate_passed",
  "best_metric": 0.9886527717106337,
  "timestamp": "2026-04-13T18:32:17.416312+00:00",
  "artifacts_root": "/media/rusty_admin/project_data/reachy_emotion/results/train/var2_sweep_s1_t084",
  "gate_a_metrics": {
    "f1_macro": 0.9862576836432665,
    "balanced_accuracy": 0.9876667434038886,
    "ece": 0.09947606270587726,
    "brier": 0.046829774823848834,
    "accuracy": 0.9864771151178918,
    "precision_macro": 0.9851303413119004,
    "recall_macro": 0.9876667434038886,
    "confusion_matrix": [
      [
        8786,
        31,
        91
      ],
      [
        34,
        11487,
        221
      ],
      [
        7,
        6,
        8177
      ]
    ],
    "mce": 0.27890149487150584,
    "f1_class_0": 0.9908091344798421,
    "f1_happy": 0.9908091344798421,
    "f1_class_1": 0.9874494971202613,
    "f1_sad": 0.9874494971202613,
    "f1_class_2": 0.9805144193296961,
    "f1_neutral": 0.9805144193296961
  },
  "gate_a_gates": {
    "macro_f1": true,
    "balanced_accuracy": true,
    "per_class_f1": true,
    "ece": false,
    "brier": true
  }
}