{
  "run_id": "var2_sweep_s1_t043",
  "run_type": "train",
  "model_variant": "variant_2",
  "status": "completed_gate_failed",
  "best_metric": 0.9967881687169408,
  "timestamp": "2026-04-13T08:38:39.425038+00:00",
  "artifacts_root": "/media/rusty_admin/project_data/reachy_emotion/results/train/var2_sweep_s1_t043",
  "gate_a_metrics": {
    "f1_macro": 0.9967881687169408,
    "balanced_accuracy": 0.997008646605181,
    "ece": 0.15524358868433594,
    "brier": 0.04457219656427351,
    "accuracy": 0.9968446601941747,
    "precision_macro": 0.9965757607105181,
    "recall_macro": 0.997008646605181,
    "confusion_matrix": [
      [
        8871,
        12,
        25
      ],
      [
        17,
        11694,
        31
      ],
      [
        1,
        5,
        8184
      ]
    ],
    "mce": 0.631591796875,
    "f1_class_0": 0.9969095915041861,
    "f1_happy": 0.9969095915041861,
    "f1_class_1": 0.9972284995522961,
    "f1_sad": 0.9972284995522961,
    "f1_class_2": 0.9962264150943396,
    "f1_neutral": 0.9962264150943396
  },
  "gate_a_gates": {
    "macro_f1": true,
    "balanced_accuracy": true,
    "per_class_f1": true,
    "ece": false,
    "brier": true
  }
}