{
  "run_id": "var2_sweep_s2_t002",
  "run_type": "train",
  "model_variant": "variant_2",
  "status": "completed_gate_passed",
  "best_metric": 0.9987725735314631,
  "timestamp": "2026-04-13T22:42:56.007127+00:00",
  "artifacts_root": "/media/rusty_admin/project_data/reachy_emotion/results/train/var2_sweep_s2_t002",
  "gate_a_metrics": {
    "f1_macro": 0.9987725735314631,
    "balanced_accuracy": 0.998783584309814,
    "ece": 0.08155765612809898,
    "brier": 0.013270860547610897,
    "accuracy": 0.9988210818307905,
    "precision_macro": 0.9987628117810113,
    "recall_macro": 0.998783584309814,
    "confusion_matrix": [
      [
        8887,
        7,
        14
      ],
      [
        2,
        11734,
        6
      ],
      [
        1,
        4,
        8185
      ]
    ],
    "mce": 0.367431640625,
    "f1_class_0": 0.9986515338802112,
    "f1_happy": 0.9986515338802112,
    "f1_class_1": 0.9991910418529399,
    "f1_sad": 0.9991910418529399,
    "f1_class_2": 0.9984751448612382,
    "f1_neutral": 0.9984751448612382
  },
  "gate_a_gates": {
    "macro_f1": true,
    "balanced_accuracy": true,
    "per_class_f1": true,
    "ece": false,
    "brier": true
  }
}