{
  "run_id": "var2_sweep_s1_t002",
  "run_type": "train",
  "model_variant": "variant_2",
  "status": "completed_gate_passed",
  "best_metric": 0.9960043134906847,
  "timestamp": "2026-04-12T22:44:12.924497+00:00",
  "artifacts_root": "/media/rusty_admin/project_data/reachy_emotion/results/train/var2_sweep_s1_t002",
  "gate_a_metrics": {
    "f1_macro": 0.9960043134906847,
    "balanced_accuracy": 0.9962568579016758,
    "ece": 0.09368193013988821,
    "brier": 0.024840868594224484,
    "accuracy": 0.9960818307905687,
    "precision_macro": 0.9957618782166201,
    "recall_macro": 0.9962568579016758,
    "confusion_matrix": [
      [
        8861,
        14,
        33
      ],
      [
        25,
        11685,
        32
      ],
      [
        2,
        7,
        8181
      ]
    ],
    "mce": 0.27487411940028905,
    "f1_class_0": 0.9958417621937514,
    "f1_happy": 0.9958417621937514,
    "f1_class_1": 0.9966734902763562,
    "f1_sad": 0.9966734902763562,
    "f1_class_2": 0.9954976880019469,
    "f1_neutral": 0.9954976880019469
  },
  "gate_a_gates": {
    "macro_f1": true,
    "balanced_accuracy": true,
    "per_class_f1": true,
    "ece": false,
    "brier": true
  }
}