{
  "run_id": "var2_sweep_s1_t044",
  "run_type": "train",
  "model_variant": "variant_2",
  "status": "completed_gate_failed",
  "best_metric": 0.9970770663365593,
  "timestamp": "2026-04-13T08:53:09.943746+00:00",
  "artifacts_root": "/media/rusty_admin/project_data/reachy_emotion/results/train/var2_sweep_s1_t044",
  "gate_a_metrics": {
    "f1_macro": 0.9970770663365593,
    "balanced_accuracy": 0.997228014004618,
    "ece": 0.16567580901634013,
    "brier": 0.049419475275908994,
    "accuracy": 0.9971567267683773,
    "precision_macro": 0.9969323772295201,
    "recall_macro": 0.997228014004618,
    "confusion_matrix": [
      [
        8867,
        12,
        29
      ],
      [
        15,
        11707,
        20
      ],
      [
        1,
        5,
        8184
      ]
    ],
    "mce": 0.30440923219086025,
    "f1_class_0": 0.9967961328761733,
    "f1_happy": 0.9967961328761733,
    "f1_class_1": 0.9977840279553396,
    "f1_sad": 0.9977840279553396,
    "f1_class_2": 0.9966510381781648,
    "f1_neutral": 0.9966510381781648
  },
  "gate_a_gates": {
    "macro_f1": true,
    "balanced_accuracy": true,
    "per_class_f1": true,
    "ece": false,
    "brier": true
  }
}