{
  "run_id": "var2_sweep_s1_t057",
  "run_type": "train",
  "model_variant": "variant_2",
  "status": "completed_gate_failed",
  "best_metric": 0.988702071562888,
  "timestamp": "2026-04-13T12:00:57.087747+00:00",
  "artifacts_root": "/media/rusty_admin/project_data/reachy_emotion/results/train/var2_sweep_s1_t057",
  "gate_a_metrics": {
    "f1_macro": 0.9840359048737725,
    "balanced_accuracy": 0.9858474331295692,
    "ece": 0.16064547936893203,
    "brier": 0.07717956847800801,
    "accuracy": 0.984257975034674,
    "precision_macro": 0.9826579535091176,
    "recall_macro": 0.9858474331295692,
    "confusion_matrix": [
      [
        8783,
        23,
        102
      ],
      [
        39,
        11424,
        279
      ],
      [
        5,
        6,
        8179
      ]
    ],
    "mce": 0.32268935381355934,
    "f1_class_0": 0.9904708204116155,
    "f1_happy": 0.9904708204116155,
    "f1_class_1": 0.9850398792843286,
    "f1_sad": 0.9850398792843286,
    "f1_class_2": 0.9765970149253731,
    "f1_neutral": 0.9765970149253731
  },
  "gate_a_gates": {
    "macro_f1": true,
    "balanced_accuracy": true,
    "per_class_f1": true,
    "ece": false,
    "brier": true
  }
}